54,70,25,72,71,74,66,5,59,84,13,16,51,73,91,69,53,49,15,79,81,43,31,29,6,22,38,41,32,21,83,64,1,12,50,57,63,28,67,61,78,52,11,92,3,77,89,90,30,17,33,27,44,56,75,9,26,86,80,34,20,65,68,85,88,19,10,2,76,24,35,62,58,42,18,37,48,8,4,47,82,36,7,40,45,14,46,87,60,39,23,55
171360.0,179664.0,176064.0,177728.0,173056.0,170656.0,179424.0,175744.0,177584.0,178144.0,176480.0,173152.0,171792.0,177312.0,180576.0,170272.0,176832.0,176192.0,172656.0,164736.0,169408.0,178688.0,179328.0,178656.0,172048.0,170736.0,166080.0,174848.0,179328.0,137792.0,173152.0,177952.0,165376.0,176480.0,173152.0,178704.0,177584.0,172128.0,179360.0,177584.0,170672.0,174816.0,176480.0,178992.0,180000.0,176480.0,179664.0,179664.0,178992.0,178160.0,173568.0,176064.0,176448.0,178432.0,177216.0,176480.0,175648.0,176448.0,173520.0,177584.0,104288.0,176480.0,166208.0,176448.0,176112.0,178656.0,176480.0,162368.0,180288.0,0.0,176832.0,177584.0,177952.0,178688.0,178656.0,177584.0,175296.0,176480.0,175840.0,175296.0,174816.0,177216.0,171200.0,170208.0,174912.0,172656.0,152928.0,155776.0,177952.0,178656.0,46176.0,176448.0
0.0,0.0,0.0,0.0,0.0,0.0,0.0,0.0,0.0,0.0,0.0,0.0,0.0,0.0,0.0,0.0,0.0,0.0,0.0,0.0,0.0,0.0,0.0,0.0,0.0,0.0,0.0,0.0,0.0,0.0,0.0,0.0,0.0,0.0,0.0,0.0,0.0,0.0,0.0,0.0,0.0,0.0,0.0,0.0,0.0,0.0,0.0,0.0,0.0,0.0,0.0,0.0,0.0,0.0,0.0,0.0,0.0,0.0,0.0,0.0,0.0,0.0,0.0,0.0,0.0,0.0,0.0,0.0,0.0,0.0,0.0,0.0,0.0,0.0,0.0,0.0,0.0,0.0,0.0,0.0,0.0,0.0,0.0,0.0,0.0,0.0,0.0,0.0,0.0,0.0,0.0,0.0
0.0,0.0,0.0,0.0,0.0,0.0,0.0,0.0,0.0,0.0,0.0,0.0,0.0,0.0,0.0,0.0,0.0,0.0,0.0,0.0,0.0,0.0,0.0,0.0,0.0,0.0,0.0,0.0,0.0,0.0,0.0,0.0,0.0,0.0,0.0,0.0,0.0,0.0,0.0,0.0,0.0,0.0,0.0,0.0,0.0,0.0,0.0,0.0,0.0,0.0,0.0,0.0,0.0,0.0,0.0,0.0,0.0,0.0,0.0,0.0,0.0,0.0,0.0,0.0,0.0,0.0,0.0,0.0,0.0,0.0,0.0,0.0,0.0,0.0,0.0,0.0,0.0,0.0,0.0,0.0,0.0,0.0,0.0,0.0,0.0,0.0,0.0,0.0,0.0,0.0,0.0,0.0
0.0,0.0,0.0,0.0,0.0,0.0,0.0,0.0,0.0,0.0,0.0,0.0,0.0,0.0,0.0,0.0,0.0,0.0,0.0,0.0,0.0,0.0,0.0,0.0,0.0,0.0,0.0,0.0,0.0,0.0,0.0,0.0,0.0,0.0,0.0,0.0,0.0,0.0,0.0,0.0,0.0,0.0,0.0,0.0,0.0,0.0,0.0,0.0,0.0,0.0,0.0,0.0,0.0,0.0,0.0,0.0,0.0,0.0,0.0,0.0,0.0,0.0,0.0,0.0,0.0,0.0,0.0,0.0,0.0,0.0,0.0,0.0,0.0,0.0,0.0,0.0,0.0,0.0,0.0,0.0,0.0,0.0,0.0,0.0,0.0,0.0,0.0,0.0,0.0,0.0,0.0,0.0
0.0,0.0,0.0,0.0,0.0,0.0,0.0,0.0,0.0,0.0,0.0,0.0,0.0,0.0,0.0,0.0,0.0,0.0,0.0,0.0,0.0,0.0,0.0,0.0,0.0,0.0,0.0,0.0,0.0,0.0,0.0,0.0,0.0,0.0,0.0,0.0,0.0,0.0,0.0,0.0,0.0,0.0,0.0,0.0,0.0,0.0,0.0,0.0,0.0,0.0,0.0,0.0,0.0,0.0,0.0,0.0,0.0,0.0,0.0,0.0,0.0,0.0,0.0,0.0,0.0,0.0,0.0,0.0,0.0,0.0,0.0,0.0,0.0,0.0,0.0,0.0,0.0,0.0,0.0,0.0,0.0,0.0,0.0,0.0,0.0,0.0,0.0,0.0,0.0,0.0,0.0,0.0
0.0,0.0,0.0,0.0,0.0,0.0,0.0,0.0,0.0,0.0,0.0,0.0,0.0,0.0,0.0,0.0,0.0,0.0,0.0,0.0,0.0,0.0,0.0,0.0,0.0,0.0,0.0,0.0,0.0,0.0,0.0,0.0,0.0,0.0,0.0,0.0,0.0,0.0,0.0,0.0,0.0,0.0,0.0,0.0,0.0,0.0,0.0,0.0,0.0,0.0,0.0,0.0,0.0,0.0,0.0,0.0,0.0,0.0,0.0,0.0,0.0,0.0,0.0,0.0,0.0,0.0,0.0,0.0,0.0,0.0,0.0,0.0,0.0,0.0,0.0,0.0,0.0,0.0,0.0,0.0,0.0,0.0,0.0,0.0,0.0,0.0,0.0,0.0,0.0,0.0,0.0,0.0
0.0,0.0,0.0,0.0,0.0,0.0,0.0,0.0,0.0,0.0,0.0,0.0,0.0,0.0,0.0,0.0,0.0,0.0,0.0,0.0,0.0,0.0,0.0,0.0,0.0,0.0,0.0,0.0,0.0,0.0,0.0,0.0,0.0,0.0,0.0,0.0,0.0,0.0,0.0,0.0,0.0,0.0,0.0,0.0,0.0,0.0,0.0,0.0,0.0,0.0,0.0,0.0,0.0,0.0,0.0,0.0,0.0,0.0,0.0,0.0,0.0,0.0,0.0,0.0,0.0,0.0,0.0,0.0,0.0,0.0,0.0,0.0,0.0,2.0,0.0,0.0,0.0,0.0,0.0,0.0,0.0,0.0,0.0,0.0,0.0,0.0,0.0,0.0,0.0,0.0,0.0,0.0
0.0,0.0,0.0,0.0,0.0,0.0,0.0,0.0,0.0,0.0,0.0,0.0,0.0,0.0,0.0,0.0,0.0,0.0,0.0,0.0,0.0,2.0,0.0,0.0,0.0,0.0,2.0,0.0,0.0,0.0,2.0,0.0,0.0,0.0,0.0,0.0,0.0,0.0,0.0,0.0,0.0,0.0,0.0,0.0,0.0,0.0,0.0,0.0,0.0,0.0,0.0,0.0,0.0,0.0,0.0,0.0,0.0,3.0,0.0,0.0,0.0,0.0,0.0,0.0,0.0,0.0,0.0,0.0,0.0,0.0,17.0,0.0,0.0,43.0,0.0,0.0,0.0,0.0,0.0,0.0,0.0,0.0,0.0,3.0,1.0,0.0,32.0,0.0,0.0,0.0,0.0,0.0
0.0,0.0,0.0,0.0,0.0,3.0,0.0,0.0,0.0,3.0,0.0,0.0,0.0,0.0,0.0,0.0,0.0,0.0,0.0,8.0,4.0,29.0,0.0,0.0,0.0,0.0,23.0,5.0,0.0,0.0,22.0,0.0,31.0,0.0,0.0,0.0,1.0,0.0,0.0,0.0,1.0,0.0,0.0,0.0,0.0,0.0,4.0,0.0,0.0,0.0,0.0,0.0,0.0,0.0,5.0,0.0,0.0,12.0,0.0,8.0,0.0,0.0,0.0,0.0,1.0,0.0,0.0,28.0,8.0,0.0,25.0,0.0,0.0,69.0,0.0,2.0,20.0,0.0,0.0,0.0,19.0,7.0,0.0,67.0,11.0,0.0,149.0,8.0,0.0,7.0,0.0,0.0
0.0,24.0,0.0,0.0,34.0,108.0,11.0,0.0,0.0,13.0,0.0,0.0,0.0,1.0,117.0,29.0,0.0,14.0,0.0,80.0,105.0,62.0,0.0,0.0,0.0,0.0,162.0,77.0,0.0,0.0,170.0,1.0,232.0,0.0,0.0,0.0,10.0,0.0,10.0,0.0,28.0,0.0,0.0,0.0,0.0,3.0,57.0,26.0,0.0,0.0,0.0,3.0,2.0,8.0,59.0,0.0,0.0,38.0,13.0,120.0,0.0,15.0,4.0,21.0,6.0,0.0,0.0,355.0,137.0,0.0,73.0,0.0,0.0,88.0,0.0,57.0,68.0,0.0,1.0,1.0,107.0,49.0,0.0,363.0,135.0,0.0,334.0,73.0,0.0,45.0,0.0,0.0
0.0,151.0,0.0,9.0,53.0,227.0,28.0,1.0,0.0,32.0,0.0,0.0,0.0,26.0,150.0,58.0,0.0,70.0,0.0,297.0,188.0,43.0,10.0,9.0,0.0,0.0,130.0,149.0,1.0,0.0,161.0,18.0,432.0,0.0,0.0,0.0,51.0,5.0,79.0,26.0,71.0,0.0,0.0,0.0,0.0,39.0,78.0,60.0,20.0,0.0,0.0,47.0,32.0,53.0,158.0,0.0,3.0,55.0,111.0,178.0,0.0,99.0,23.0,138.0,96.0,0.0,0.0,432.0,113.0,0.0,99.0,15.0,18.0,50.0,0.0,110.0,137.0,0.0,35.0,11.0,136.0,26.0,0.0,195.0,274.0,0.0,515.0,112.0,1.0,54.0,1.0,0.0
0.0,84.0,35.0,35.0,85.0,134.0,79.0,24.0,0.0,95.0,0.0,0.0,0.0,71.0,122.0,48.0,0.0,52.0,0.0,219.0,101.0,68.0,129.0,41.0,0.0,0.0,286.0,133.0,13.0,1.0,238.0,37.0,295.0,0.0,0.0,0.0,45.0,15.0,109.0,57.0,164.0,0.0,0.0,9.0,2.0,81.0,81.0,83.0,33.0,0.0,1.0,81.0,26.0,135.0,59.0,0.0,42.0,37.0,115.0,108.0,0.0,70.0,100.0,98.0,136.0,0.0,0.0,466.0,115.0,0.0,60.0,33.0,41.0,83.0,0.0,48.0,104.0,0.0,79.0,46.0,83.0,52.0,0.0,193.0,140.0,0.0,374.0,251.0,9.0,50.0,8.0,0.0
0.0,114.0,136.0,45.0,57.0,162.0,98.0,56.0,0.0,124.0,0.0,0.0,0.0,130.0,62.0,74.0,0.0,115.0,0.0,328.0,132.0,48.0,137.0,115.0,0.0,0.0,204.0,207.0,17.0,6.0,159.0,71.0,323.0,0.0,0.0,0.0,49.0,130.0,105.0,127.0,224.0,0.0,0.0,12.0,23.0,166.0,51.0,105.0,73.0,0.0,23.0,167.0,61.0,111.0,61.0,0.0,85.0,73.0,138.0,128.0,0.0,76.0,118.0,119.0,204.0,0.0,0.0,264.0,77.0,0.0,96.0,25.0,79.0,48.0,0.0,51.0,130.0,0.0,152.0,65.0,108.0,54.0,0.0,116.0,191.0,0.0,388.0,161.0,57.0,68.0,140.0,0.0
0.0,61.0,89.0,41.0,76.0,79.0,53.0,79.0,1.0,98.0,1.0,0.0,0.0,33.0,38.0,51.0,0.0,76.0,0.0,160.0,81.0,31.0,176.0,108.0,0.0,0.0,246.0,171.0,60.0,53.0,85.0,40.0,169.0,0.0,0.0,3.0,26.0,162.0,45.0,60.0,130.0,0.0,0.0,36.0,104.0,110.0,51.0,74.0,77.0,0.0,71.0,141.0,51.0,79.0,36.0,4.0,48.0,55.0,52.0,47.0,0.0,32.0,114.0,66.0,112.0,0.0,0.0,126.0,35.0,0.0,42.0,22.0,57.0,44.0,0.0,21.0,96.0,0.0,62.0,126.0,83.0,29.0,0.0,78.0,127.0,0.0,167.0,203.0,61.0,53.0,242.0,0.0
0.0,45.0,83.0,60.0,63.0,99.0,60.0,108.0,8.0,127.0,9.0,0.0,0.0,25.0,31.0,111.0,0.0,107.0,3.0,166.0,111.0,50.0,63.0,115.0,12.0,0.0,153.0,194.0,50.0,319.0,125.0,52.0,190.0,1.0,0.0,21.0,35.0,331.0,59.0,59.0,215.0,0.0,5.0,31.0,68.0,106.0,28.0,55.0,116.0,0.0,190.0,262.0,101.0,47.0,54.0,28.0,71.0,98.0,94.0,57.0,0.0,42.0,172.0,37.0,120.0,0.0,8.0,128.0,42.0,0.0,70.0,40.0,38.0,25.0,0.0,44.0,132.0,9.0,65.0,85.0,157.0,33.0,0.0,102.0,182.0,0.0,277.0,112.0,66.0,79.0,692.0,0.0
0.0,29.0,35.0,51.0,78.0,60.0,36.0,55.0,10.0,76.0,145.0,9.0,0.0,7.0,22.0,83.0,1.0,63.0,106.0,93.0,82.0,43.0,64.0,52.0,61.0,0.0,225.0,99.0,114.0,410.0,65.0,40.0,134.0,67.0,28.0,12.0,19.0,170.0,38.0,23.0,121.0,0.0,58.0,90.0,85.0,58.0,33.0,75.0,52.0,0.0,141.0,114.0,55.0,22.0,22.0,83.0,48.0,54.0,95.0,26.0,0.0,27.0,93.0,36.0,73.0,10.0,37.0,86.0,38.0,13.0,40.0,24.0,27.0,37.0,0.0,20.0,70.0,74.0,30.0,105.0,102.0,26.0,25.0,75.0,101.0,1.0,158.0,148.0,23.0,38.0,543.0,0.0
17.0,25.0,28.0,51.0,54.0,66.0,37.0,79.0,37.0,85.0,71.0,59.0,11.0,26.0,37.0,118.0,28.0,95.0,104.0,125.0,114.0,51.0,50.0,62.0,161.0,0.0,123.0,127.0,98.0,930.0,110.0,69.0,189.0,114.0,45.0,18.0,15.0,238.0,49.0,32.0,145.0,1.0,99.0,109.0,68.0,75.0,41.0,31.0,74.0,0.0,201.0,131.0,75.0,28.0,35.0,108.0,56.0,89.0,162.0,48.0,0.0,44.0,176.0,47.0,88.0,188.0,80.0,102.0,40.0,92.0,53.0,44.0,28.0,45.0,8.0,23.0,90.0,167.0,54.0,56.0,118.0,38.0,337.0,101.0,108.0,42.0,222.0,88.0,27.0,45.0,903.0,53.0
48.0,17.0,36.0,35.0,30.0,45.0,19.0,47.0,26.0,59.0,58.0,114.0,64.0,17.0,20.0,71.0,185.0,84.0,84.0,99.0,85.0,38.0,26.0,37.0,89.0,0.0,152.0,72.0,54.0,723.0,82.0,36.0,94.0,63.0,102.0,6.0,5.0,164.0,35.0,29.0,88.0,8.0,88.0,161.0,78.0,35.0,22.0,20.0,54.0,0.0,151.0,75.0,51.0,24.0,13.0,55.0,40.0,62.0,100.0,30.0,0.0,27.0,112.0,18.0,66.0,461.0,133.0,76.0,16.0,298.0,31.0,43.0,28.0,44.0,60.0,22.0,68.0,60.0,44.0,63.0,71.0,24.0,398.0,71.0,55.0,222.0,124.0,114.0,21.0,45.0,733.0,152.0
158.0,23.0,40.0,43.0,38.0,110.0,36.0,67.0,67.0,51.0,25.0,227.0,216.0,24.0,37.0,112.0,485.0,120.0,44.0,127.0,124.0,36.0,46.0,39.0,104.0,10.0,66.0,83.0,89.0,1288.0,99.0,45.0,120.0,75.0,179.0,6.0,19.0,250.0,44.0,32.0,118.0,61.0,46.0,65.0,60.0,45.0,27.0,29.0,61.0,2.0,205.0,126.0,80.0,35.0,28.0,49.0,73.0,72.0,154.0,44.0,0.0,41.0,185.0,49.0,90.0,160.0,49.0,71.0,25.0,1581.0,53.0,37.0,31.0,52.0,197.0,26.0,89.0,96.0,63.0,84.0,99.0,34.0,442.0,82.0,86.0,152.0,156.0,82.0,28.0,45.0,1483.0,316.0
131.0,8.0,25.0,42.0,31.0,58.0,13.0,42.0,32.0,38.0,39.0,166.0,142.0,14.0,14.0,73.0,216.0,72.0,60.0,77.0,110.0,30.0,24.0,23.0,64.0,32.0,106.0,44.0,41.0,975.0,58.0,23.0,96.0,27.0,182.0,10.0,28.0,122.0,22.0,25.0,54.0,84.0,44.0,86.0,55.0,30.0,17.0,29.0,33.0,34.0,113.0,70.0,59.0,21.0,20.0,21.0,60.0,65.0,85.0,17.0,4.0,37.0,146.0,22.0,65.0,84.0,61.0,53.0,19.0,2330.0,29.0,32.0,16.0,46.0,67.0,23.0,49.0,32.0,36.0,52.0,58.0,25.0,198.0,56.0,61.0,125.0,102.0,122.0,22.0,26.0,914.0,147.0
234.0,19.0,22.0,60.0,43.0,105.0,38.0,48.0,42.0,53.0,31.0,187.0,211.0,30.0,19.0,113.0,153.0,81.0,50.0,98.0,148.0,38.0,36.0,49.0,115.0,85.0,77.0,82.0,60.0,1578.0,88.0,36.0,144.0,40.0,311.0,11.0,30.0,164.0,35.0,29.0,104.0,176.0,26.0,48.0,85.0,42.0,23.0,13.0,65.0,48.0,132.0,94.0,77.0,26.0,22.0,32.0,121.0,82.0,81.0,32.0,20.0,53.0,171.0,31.0,100.0,75.0,50.0,75.0,17.0,5128.0,50.0,32.0,29.0,52.0,76.0,41.0,66.0,48.0,42.0,71.0,81.0,37.0,273.0,74.0,91.0,88.0,131.0,74.0,31.0,39.0,1207.0,138.0
335.0,27.0,23.0,54.0,21.0,90.0,32.0,34.0,63.0,26.0,61.0,194.0,216.0,48.0,13.0,86.0,82.0,98.0,103.0,96.0,116.0,25.0,16.0,32.0,77.0,121.0,107.0,61.0,42.0,1035.0,43.0,30.0,107.0,31.0,141.0,23.0,56.0,175.0,34.0,34.0,63.0,185.0,44.0,78.0,45.0,48.0,13.0,31.0,51.0,92.0,88.0,81.0,82.0,15.0,36.0,35.0,80.0,88.0,70.0,30.0,17.0,40.0,124.0,44.0,67.0,34.0,46.0,47.0,19.0,4649.0,52.0,41.0,41.0,29.0,28.0,53.0,77.0,37.0,67.0,44.0,77.0,36.0,146.0,48.0,101.0,95.0,127.0,110.0,35.0,17.0,1155.0,60.0
230.0,19.0,32.0,31.0,57.0,56.0,36.0,47.0,38.0,47.0,43.0,295.0,132.0,28.0,31.0,56.0,86.0,59.0,83.0,74.0,86.0,36.0,40.0,26.0,125.0,210.0,59.0,38.0,46.0,1278.0,83.0,21.0,68.0,49.0,247.0,15.0,28.0,88.0,21.0,16.0,82.0,113.0,27.0,54.0,80.0,21.0,22.0,25.0,33.0,111.0,89.0,45.0,48.0,20.0,25.0,19.0,109.0,56.0,48.0,24.0,68.0,40.0,156.0,30.0,118.0,45.0,51.0,72.0,16.0,2787.0,47.0,38.0,20.0,59.0,43.0,17.0,54.0,48.0,54.0,63.0,33.0,29.0,222.0,67.0,58.0,47.0,89.0,75.0,18.0,31.0,783.0,66.0
241.0,12.0,25.0,54.0,28.0,79.0,31.0,41.0,59.0,44.0,44.0,184.0,202.0,46.0,14.0,74.0,53.0,91.0,129.0,99.0,107.0,18.0,25.0,35.0,66.0,106.0,67.0,62.0,31.0,742.0,49.0,25.0,73.0,26.0,173.0,31.0,51.0,126.0,38.0,26.0,56.0,166.0,32.0,70.0,51.0,33.0,13.0,12.0,36.0,110.0,54.0,66.0,51.0,15.0,24.0,37.0,58.0,82.0,53.0,23.0,154.0,64.0,90.0,52.0,102.0,43.0,50.0,50.0,4.0,3507.0,62.0,39.0,51.0,34.0,38.0,46.0,65.0,36.0,63.0,51.0,46.0,28.0,127.0,45.0,75.0,46.0,112.0,91.0,18.0,22.0,1044.0,40.0
116.0,10.0,29.0,30.0,47.0,40.0,25.0,23.0,45.0,38.0,14.0,153.0,111.0,30.0,30.0,46.0,53.0,65.0,89.0,73.0,62.0,20.0,36.0,30.0,109.0,100.0,44.0,38.0,28.0,974.0,65.0,19.0,40.0,38.0,185.0,26.0,22.0,104.0,20.0,17.0,77.0,110.0,21.0,41.0,51.0,14.0,31.0,23.0,26.0,63.0,56.0,45.0,41.0,23.0,20.0,26.0,72.0,33.0,40.0,17.0,421.0,33.0,112.0,34.0,175.0,59.0,43.0,68.0,16.0,1968.0,41.0,28.0,40.0,37.0,60.0,29.0,41.0,53.0,43.0,47.0,22.0,39.0,198.0,80.0,56.0,38.0,80.0,69.0,25.0,26.0,753.0,62.0
140.0,15.0,29.0,47.0,37.0,50.0,28.0,38.0,47.0,37.0,43.0,194.0,155.0,47.0,25.0,66.0,73.0,101.0,92.0,113.0,90.0,26.0,21.0,45.0,65.0,129.0,72.0,55.0,29.0,820.0,79.0,31.0,57.0,12.0,121.0,84.0,31.0,159.0,33.0,20.0,68.0,161.0,33.0,38.0,43.0,21.0,20.0,8.0,48.0,63.0,66.0,78.0,50.0,29.0,22.0,41.0,81.0,67.0,49.0,34.0,653.0,50.0,100.0,44.0,141.0,29.0,51.0,70.0,14.0,2344.0,43.0,49.0,64.0,23.0,48.0,37.0,55.0,37.0,67.0,51.0,38.0,38.0,183.0,80.0,89.0,59.0,117.0,117.0,33.0,33.0,1058.0,45.0
66.0,8.0,20.0,22.0,59.0,37.0,19.0,32.0,32.0,29.0,36.0,123.0,101.0,25.0,17.0,46.0,31.0,42.0,193.0,90.0,57.0,13.0,29.0,37.0,114.0,89.0,43.0,30.0,39.0,515.0,40.0,13.0,46.0,32.0,159.0,59.0,24.0,179.0,27.0,17.0,62.0,86.0,17.0,46.0,35.0,16.0,22.0,11.0,32.0,74.0,46.0,61.0,46.0,16.0,15.0,40.0,56.0,31.0,43.0,19.0,566.0,29.0,70.0,19.0,194.0,20.0,39.0,47.0,9.0,1312.0,39.0,29.0,29.0,32.0,32.0,37.0,42.0,64.0,50.0,44.0,29.0,16.0,109.0,53.0,69.0,43.0,86.0,119.0,25.0,16.0,728.0,56.0
86.0,17.0,44.0,42.0,41.0,60.0,33.0,32.0,49.0,42.0,24.0,110.0,150.0,29.0,24.0,50.0,48.0,108.0,149.0,87.0,65.0,35.0,18.0,54.0,80.0,87.0,69.0,50.0,25.0,650.0,81.0,22.0,64.0,26.0,105.0,72.0,28.0,440.0,32.0,25.0,82.0,146.0,25.0,28.0,28.0,33.0,10.0,27.0,44.0,59.0,72.0,90.0,52.0,16.0,29.0,48.0,96.0,48.0,58.0,29.0,934.0,32.0,96.0,43.0,124.0,35.0,62.0,72.0,12.0,1797.0,68.0,28.0,26.0,20.0,55.0,48.0,63.0,51.0,80.0,46.0,42.0,23.0,183.0,65.0,95.0,35.0,129.0,71.0,30.0,35.0,1125.0,60.0
62.0,14.0,39.0,32.0,56.0,45.0,27.0,26.0,31.0,43.0,36.0,96.0,85.0,20.0,11.0,40.0,24.0,56.0,261.0,58.0,29.0,33.0,29.0,45.0,106.0,68.0,28.0,33.0,27.0,363.0,48.0,17.0,32.0,28.0,137.0,48.0,16.0,359.0,24.0,17.0,66.0,91.0,20.0,39.0,44.0,34.0,22.0,24.0,31.0,65.0,29.0,52.0,51.0,19.0,18.0,39.0,55.0,38.0,26.0,18.0,711.0,32.0,54.0,43.0,124.0,19.0,41.0,42.0,9.0,1015.0,38.0,19.0,29.0,38.0,31.0,28.0,27.0,56.0,65.0,43.0,37.0,14.0,102.0,49.0,75.0,57.0,130.0,107.0,17.0,21.0,751.0,47.0
98.0,16.0,57.0,35.0,35.0,81.0,26.0,51.0,39.0,81.0,23.0,113.0,179.0,36.0,23.0,81.0,39.0,73.0,160.0,133.0,48.0,124.0,20.0,49.0,70.0,98.0,55.0,51.0,14.0,519.0,67.0,22.0,59.0,25.0,84.0,66.0,29.0,566.0,23.0,23.0,84.0,132.0,41.0,18.0,24.0,40.0,18.0,17.0,31.0,43.0,60.0,90.0,60.0,15.0,25.0,70.0,89.0,43.0,56.0,26.0,997.0,62.0,79.0,68.0,78.0,20.0,61.0,102.0,14.0,1413.0,64.0,34.0,30.0,47.0,37.0,62.0,63.0,42.0,102.0,60.0,26.0,39.0,196.0,71.0,99.0,43.0,180.0,73.0,30.0,46.0,1143.0,59.0
100.0,20.0,43.0,34.0,62.0,58.0,28.0,29.0,38.0,75.0,42.0,87.0,219.0,53.0,16.0,63.0,34.0,76.0,276.0,111.0,38.0,147.0,28.0,69.0,146.0,74.0,38.0,67.0,25.0,309.0,46.0,22.0,53.0,50.0,75.0,39.0,37.0,471.0,33.0,21.0,52.0,101.0,17.0,45.0,20.0,52.0,21.0,25.0,37.0,66.0,28.0,71.0,50.0,15.0,21.0,81.0,70.0,54.0,44.0,28.0,571.0,42.0,58.0,86.0,138.0,25.0,43.0,61.0,8.0,1190.0,107.0,45.0,37.0,94.0,43.0,84.0,48.0,62.0,97.0,30.0,41.0,27.0,131.0,53.0,95.0,41.0,216.0,109.0,23.0,38.0,1110.0,38.0
73.0,15.0,60.0,25.0,47.0,37.0,30.0,51.0,32.0,174.0,34.0,83.0,154.0,28.0,29.0,52.0,36.0,58.0,212.0,101.0,39.0,311.0,21.0,69.0,104.0,63.0,59.0,34.0,15.0,629.0,77.0,13.0,40.0,25.0,99.0,18.0,14.0,313.0,24.0,18.0,87.0,53.0,55.0,21.0,40.0,32.0,15.0,16.0,16.0,35.0,68.0,63.0,32.0,20.0,12.0,62.0,111.0,30.0,27.0,22.0,674.0,38.0,103.0,35.0,80.0,37.0,50.0,136.0,13.0,747.0,70.0,48.0,32.0,136.0,38.0,118.0,50.0,69.0,58.0,61.0,29.0,40.0,180.0,88.0,50.0,48.0,124.0,52.0,19.0,48.0,720.0,82.0
159.0,18.0,35.0,35.0,81.0,68.0,30.0,32.0,138.0,126.0,101.0,80.0,264.0,96.0,19.0,71.0,31.0,84.0,363.0,210.0,71.0,188.0,30.0,156.0,190.0,69.0,32.0,68.0,24.0,465.0,48.0,19.0,66.0,49.0,68.0,35.0,36.0,386.0,46.0,21.0,55.0,116.0,52.0,39.0,20.0,47.0,24.0,22.0,46.0,75.0,38.0,110.0,51.0,19.0,33.0,180.0,88.0,57.0,39.0,43.0,349.0,35.0,51.0,55.0,116.0,23.0,51.0,118.0,14.0,878.0,134.0,146.0,61.0,264.0,29.0,258.0,67.0,130.0,112.0,53.0,53.0,43.0,92.0,44.0,92.0,135.0,252.0,104.0,25.0,37.0,1071.0,51.0
133.0,14.0,85.0,26.0,73.0,40.0,49.0,49.0,136.0,178.0,121.0,191.0,169.0,76.0,39.0,45.0,46.0,52.0,265.0,209.0,47.0,155.0,32.0,139.0,116.0,106.0,54.0,48.0,40.0,874.0,85.0,17.0,46.0,47.0,126.0,28.0,28.0,187.0,30.0,15.0,104.0,101.0,70.0,26.0,34.0,29.0,21.0,38.0,20.0,117.0,54.0,95.0,40.0,32.0,25.0,177.0,160.0,28.0,27.0,35.0,455.0,25.0,120.0,20.0,81.0,28.0,53.0,212.0,18.0,596.0,108.0,201.0,92.0,172.0,49.0,242.0,38.0,105.0,65.0,48.0,56.0,45.0,144.0,59.0,55.0,112.0,175.0,83.0,18.0,55.0,713.0,94.0
190.0,15.0,67.0,32.0,85.0,78.0,46.0,47.0,309.0,124.0,270.0,125.0,226.0,124.0,28.0,68.0,26.0,93.0,405.0,382.0,75.0,50.0,22.0,223.0,164.0,92.0,25.0,59.0,20.0,569.0,70.0,19.0,68.0,36.0,107.0,24.0,52.0,211.0,72.0,32.0,69.0,98.0,138.0,39.0,20.0,53.0,15.0,30.0,52.0,322.0,37.0,193.0,41.0,21.0,24.0,265.0,112.0,43.0,41.0,49.0,215.0,56.0,118.0,28.0,113.0,57.0,95.0,152.0,20.0,757.0,164.0,275.0,222.0,75.0,38.0,370.0,69.0,230.0,99.0,77.0,105.0,44.0,103.0,48.0,92.0,170.0,254.0,126.0,29.0,43.0,1063.0,59.0
136.0,15.0,169.0,20.0,158.0,64.0,64.0,120.0,147.0,151.0,191.0,139.0,129.0,73.0,68.0,54.0,33.0,50.0,289.0,303.0,59.0,51.0,32.0,186.0,136.0,94.0,49.0,47.0,41.0,757.0,120.0,16.0,29.0,189.0,201.0,15.0,22.0,114.0,67.0,28.0,174.0,64.0,105.0,29.0,41.0,26.0,43.0,22.0,23.0,249.0,79.0,147.0,31.0,41.0,23.0,173.0,191.0,32.0,25.0,42.0,320.0,25.0,298.0,21.0,63.0,58.0,93.0,244.0,42.0,436.0,130.0,111.0,185.0,85.0,47.0,171.0,47.0,186.0,62.0,84.0,110.0,86.0,150.0,80.0,71.0,288.0,190.0,79.0,15.0,110.0,696.0,107.0
235.0,18.0,151.0,32.0,127.0,92.0,29.0,101.0,162.0,94.0,264.0,138.0,144.0,123.0,80.0,89.0,31.0,96.0,401.0,529.0,106.0,24.0,20.0,246.0,168.0,123.0,21.0,76.0,53.0,426.0,83.0,16.0,80.0,273.0,156.0,43.0,75.0,166.0,124.0,46.0,165.0,77.0,208.0,52.0,22.0,51.0,13.0,55.0,73.0,204.0,54.0,213.0,51.0,23.0,27.0,183.0,149.0,49.0,38.0,81.0,185.0,48.0,284.0,32.0,90.0,55.0,176.0,151.0,50.0,687.0,250.0,163.0,260.0,50.0,37.0,190.0,83.0,234.0,138.0,158.0,258.0,63.0,104.0,51.0,95.0,186.0,317.0,155.0,40.0,102.0,1071.0,85.0
115.0,11.0,253.0,28.0,224.0,75.0,55.0,213.0,62.0,127.0,163.0,289.0,99.0,107.0,139.0,71.0,48.0,93.0,287.0,306.0,74.0,36.0,40.0,165.0,120.0,220.0,51.0,45.0,87.0,536.0,158.0,15.0,53.0,495.0,249.0,29.0,57.0,103.0,78.0,68.0,232.0,42.0,168.0,40.0,42.0,35.0,29.0,74.0,41.0,65.0,88.0,125.0,31.0,51.0,12.0,95.0,240.0,24.0,27.0,58.0,286.0,41.0,450.0,23.0,62.0,176.0,125.0,274.0,110.0,439.0,194.0,82.0,155.0,57.0,47.0,96.0,65.0,113.0,103.0,155.0,255.0,119.0,193.0,115.0,69.0,175.0,231.0,116.0,34.0,186.0,838.0,158.0
218.0,19.0,225.0,60.0,143.0,126.0,54.0,171.0,112.0,91.0,191.0,202.0,126.0,207.0,183.0,102.0,42.0,158.0,295.0,440.0,141.0,30.0,29.0,204.0,225.0,155.0,33.0,77.0,85.0,617.0,179.0,32.0,89.0,246.0,178.0,51.0,138.0,119.0,117.0,205.0,236.0,65.0,264.0,74.0,35.0,64.0,29.0,98.0,79.0,61.0,73.0,204.0,70.0,100.0,28.0,105.0,273.0,54.0,32.0,111.0,262.0,64.0,376.0,44.0,92.0,188.0,184.0,263.0,131.0,637.0,319.0,116.0,174.0,39.0,70.0,115.0,126.0,135.0,205.0,233.0,497.0,146.0,177.0,114.0,96.0,171.0,339.0,207.0,70.0,246.0,1313.0,271.0
136.0,17.0,145.0,37.0,231.0,113.0,38.0,308.0,63.0,43.0,114.0,260.0,82.0,197.0,147.0,82.0,80.0,125.0,512.0,266.0,140.0,26.0,49.0,111.0,152.0,131.0,61.0,67.0,168.0,444.0,155.0,18.0,78.0,183.0,184.0,56.0,85.0,88.0,85.0,220.0,160.0,47.0,188.0,55.0,29.0,54.0,47.0,196.0,42.0,95.0,127.0,144.0,45.0,70.0,26.0,69.0,170.0,39.0,30.0,96.0,166.0,39.0,183.0,49.0,64.0,222.0,139.0,147.0,90.0,437.0,220.0,104.0,135.0,72.0,41.0,67.0,92.0,91.0,165.0,153.0,352.0,105.0,156.0,74.0,62.0,230.0,272.0,173.0,91.0,179.0,891.0,204.0
224.0,37.0,201.0,102.0,167.0,193.0,52.0,209.0,103.0,90.0,134.0,425.0,178.0,274.0,227.0,139.0,55.0,251.0,317.0,349.0,224.0,42.0,37.0,156.0,282.0,211.0,45.0,106.0,168.0,683.0,262.0,30.0,113.0,107.0,346.0,106.0,170.0,166.0,84.0,385.0,290.0,54.0,299.0,98.0,49.0,71.0,29.0,152.0,90.0,60.0,85.0,234.0,56.0,146.0,35.0,127.0,247.0,58.0,50.0,156.0,245.0,87.0,207.0,161.0,89.0,267.0,254.0,190.0,172.0,713.0,310.0,183.0,236.0,50.0,83.0,114.0,155.0,144.0,333.0,234.0,514.0,189.0,309.0,102.0,123.0,171.0,386.0,343.0,193.0,258.0,1434.0,327.0
326.0,80.0,111.0,140.0,139.0,250.0,37.0,314.0,144.0,51.0,143.0,361.0,281.0,208.0,153.0,179.0,112.0,321.0,554.0,452.0,263.0,31.0,94.0,128.0,297.0,120.0,98.0,142.0,246.0,595.0,231.0,31.0,203.0,200.0,248.0,130.0,149.0,181.0,99.0,227.0,226.0,123.0,238.0,46.0,27.0,82.0,84.0,148.0,91.0,126.0,169.0,204.0,66.0,118.0,39.0,133.0,141.0,99.0,58.0,180.0,197.0,78.0,129.0,205.0,56.0,456.0,223.0,127.0,133.0,842.0,229.0,244.0,300.0,118.0,65.0,129.0,230.0,118.0,352.0,140.0,487.0,137.0,276.0,81.0,149.0,147.0,428.0,274.0,238.0,150.0,1551.0,198.0
308.0,73.0,222.0,120.0,88.0,221.0,68.0,187.0,109.0,91.0,277.0,407.0,237.0,116.0,190.0,143.0,100.0,202.0,386.0,329.0,242.0,41.0,108.0,82.0,610.0,136.0,83.0,114.0,157.0,1012.0,345.0,35.0,206.0,129.0,395.0,75.0,90.0,131.0,53.0,110.0,406.0,132.0,335.0,65.0,47.0,52.0,94.0,184.0,84.0,115.0,113.0,139.0,62.0,171.0,26.0,82.0,213.0,71.0,42.0,126.0,431.0,45.0,158.0,164.0,121.0,307.0,351.0,259.0,145.0,687.0,147.0,204.0,188.0,85.0,139.0,110.0,181.0,198.0,271.0,136.0,274.0,180.0,505.0,114.0,100.0,236.0,288.0,413.0,127.0,243.0,1326.0,311.0
434.0,137.0,113.0,176.0,120.0,466.0,51.0,302.0,183.0,81.0,253.0,416.0,434.0,183.0,129.0,253.0,164.0,308.0,607.0,563.0,440.0,33.0,201.0,100.0,483.0,157.0,145.0,227.0,240.0,793.0,231.0,67.0,502.0,200.0,247.0,128.0,111.0,243.0,54.0,126.0,280.0,306.0,190.0,36.0,32.0,97.0,203.0,95.0,203.0,186.0,260.0,220.0,100.0,157.0,92.0,135.0,119.0,158.0,88.0,179.0,400.0,109.0,110.0,233.0,82.0,242.0,260.0,271.0,122.0,1405.0,234.0,315.0,375.0,156.0,150.0,156.0,337.0,168.0,363.0,222.0,378.0,98.0,402.0,82.0,156.0,146.0,443.0,330.0,167.0,187.0,1972.0,277.0
202.0,134.0,201.0,149.0,76.0,331.0,85.0,187.0,148.0,109.0,372.0,681.0,343.0,132.0,139.0,203.0,139.0,231.0,450.0,397.0,340.0,42.0,152.0,85.0,863.0,196.0,127.0,187.0,141.0,1388.0,328.0,43.0,395.0,128.0,408.0,93.0,61.0,210.0,28.0,83.0,442.0,226.0,320.0,43.0,74.0,71.0,197.0,78.0,178.0,203.0,208.0,150.0,61.0,214.0,90.0,95.0,202.0,102.0,64.0,121.0,792.0,81.0,196.0,142.0,140.0,369.0,371.0,586.0,153.0,1242.0,143.0,216.0,229.0,109.0,210.0,109.0,247.0,267.0,209.0,177.0,196.0,140.0,670.0,124.0,142.0,164.0,323.0,527.0,63.0,275.0,1375.0,439.0
209.0,210.0,147.0,289.0,128.0,558.0,48.0,242.0,234.0,96.0,222.0,392.0,498.0,255.0,96.0,305.0,201.0,334.0,707.0,675.0,609.0,24.0,267.0,94.0,585.0,148.0,222.0,315.0,199.0,944.0,247.0,100.0,817.0,268.0,248.0,133.0,93.0,348.0,44.0,150.0,326.0,254.0,237.0,33.0,47.0,105.0,333.0,91.0,307.0,304.0,319.0,261.0,132.0,148.0,223.0,172.0,119.0,229.0,110.0,165.0,636.0,89.0,147.0,170.0,93.0,174.0,230.0,548.0,71.0,2667.0,216.0,375.0,336.0,202.0,123.0,170.0,362.0,216.0,335.0,256.0,239.0,73.0,452.0,112.0,233.0,187.0,468.0,303.0,66.0,180.0,2535.0,335.0
109.0,139.0,204.0,184.0,102.0,332.0,104.0,165.0,155.0,139.0,272.0,335.0,308.0,228.0,138.0,228.0,141.0,241.0,460.0,417.0,417.0,59.0,168.0,77.0,879.0,138.0,210.0,227.0,116.0,1286.0,314.0,83.0,614.0,258.0,353.0,95.0,55.0,284.0,22.0,88.0,470.0,164.0,328.0,58.0,89.0,69.0,200.0,59.0,245.0,232.0,206.0,131.0,115.0,169.0,205.0,174.0,179.0,177.0,94.0,119.0,970.0,81.0,261.0,108.0,149.0,137.0,265.0,1115.0,119.0,2243.0,120.0,273.0,218.0,100.0,201.0,133.0,244.0,374.0,189.0,167.0,126.0,78.0,587.0,195.0,184.0,370.0,283.0,557.0,48.0,206.0,1759.0,548.0
166.0,137.0,125.0,297.0,175.0,451.0,82.0,314.0,239.0,71.0,156.0,327.0,424.0,393.0,80.0,387.0,212.0,407.0,684.0,527.0,622.0,50.0,243.0,153.0,492.0,166.0,339.0,358.0,161.0,899.0,181.0,112.0,992.0,448.0,238.0,132.0,58.0,430.0,20.0,135.0,294.0,191.0,236.0,42.0,73.0,112.0,233.0,50.0,355.0,361.0,401.0,204.0,249.0,95.0,410.0,293.0,121.0,257.0,125.0,161.0,599.0,120.0,214.0,162.0,107.0,99.0,172.0,960.0,73.0,4030.0,153.0,395.0,327.0,174.0,103.0,205.0,315.0,323.0,249.0,255.0,146.0,59.0,340.0,138.0,310.0,309.0,481.0,337.0,80.0,114.0,3249.0,376.0
103.0,86.0,241.0,192.0,154.0,268.0,116.0,184.0,150.0,107.0,225.0,343.0,309.0,300.0,133.0,268.0,137.0,271.0,492.0,297.0,414.0,97.0,139.0,131.0,663.0,258.0,253.0,226.0,85.0,1282.0,273.0,86.0,754.0,335.0,324.0,97.0,39.0,345.0,18.0,102.0,434.0,139.0,392.0,62.0,116.0,99.0,138.0,113.0,199.0,249.0,350.0,152.0,237.0,108.0,346.0,207.0,213.0,177.0,92.0,127.0,842.0,60.0,338.0,88.0,198.0,133.0,238.0,1637.0,91.0,3270.0,89.0,245.0,165.0,121.0,155.0,151.0,187.0,501.0,160.0,207.0,97.0,79.0,403.0,262.0,196.0,453.0,298.0,435.0,57.0,124.0,1951.0,481.0
191.0,68.0,158.0,174.0,230.0,348.0,105.0,202.0,188.0,61.0,155.0,240.0,463.0,406.0,85.0,407.0,129.0,365.0,455.0,369.0,613.0,99.0,225.0,153.0,422.0,166.0,386.0,363.0,111.0,842.0,171.0,107.0,1159.0,512.0,259.0,180.0,35.0,471.0,29.0,151.0,259.0,200.0,258.0,73.0,94.0,173.0,128.0,73.0,198.0,222.0,454.0,251.0,457.0,71.0,627.0,353.0,156.0,235.0,163.0,165.0,585.0,123.0,253.0,135.0,131.0,79.0,146.0,1028.0,55.0,5143.0,77.0,298.0,176.0,165.0,81.0,229.0,265.0,340.0,205.0,239.0,83.0,60.0,224.0,186.0,296.0,539.0,506.0,260.0,120.0,60.0,2914.0,296.0
170.0,53.0,233.0,130.0,293.0,250.0,163.0,345.0,165.0,128.0,276.0,240.0,348.0,295.0,160.0,357.0,194.0,309.0,632.0,330.0,486.0,183.0,230.0,189.0,352.0,188.0,410.0,313.0,84.0,1090.0,256.0,108.0,1114.0,528.0,215.0,156.0,41.0,507.0,27.0,195.0,381.0,211.0,287.0,159.0,118.0,208.0,128.0,82.0,194.0,416.0,814.0,221.0,577.0,85.0,611.0,350.0,258.0,198.0,141.0,187.0,1024.0,132.0,419.0,111.0,263.0,82.0,150.0,1233.0,103.0,5299.0,102.0,289.0,125.0,158.0,127.0,225.0,227.0,438.0,198.0,289.0,93.0,116.0,282.0,315.0,282.0,1006.0,549.0,345.0,190.0,70.0,3069.0,342.0
124.0,35.0,270.0,88.0,234.0,161.0,158.0,219.0,104.0,119.0,281.0,333.0,262.0,180.0,170.0,204.0,139.0,170.0,391.0,246.0,287.0,177.0,157.0,103.0,495.0,332.0,278.0,195.0,48.0,985.0,286.0,81.0,676.0,433.0,256.0,148.0,39.0,333.0,12.0,139.0,410.0,133.0,412.0,205.0,183.0,202.0,91.0,108.0,108.0,200.0,534.0,158.0,370.0,85.0,354.0,277.0,288.0,105.0,115.0,107.0,1334.0,85.0,595.0,55.0,206.0,171.0,215.0,786.0,152.0,3542.0,58.0,170.0,91.0,111.0,145.0,134.0,128.0,240.0,140.0,213.0,68.0,132.0,259.0,377.0,153.0,725.0,384.0,331.0,152.0,83.0,1995.0,227.0
216.0,44.0,224.0,94.0,347.0,174.0,118.0,378.0,171.0,84.0,155.0,243.0,304.0,218.0,140.0,339.0,199.0,191.0,380.0,356.0,346.0,117.0,192.0,162.0,281.0,262.0,433.0,242.0,80.0,615.0,212.0,142.0,739.0,830.0,157.0,209.0,38.0,470.0,37.0,232.0,276.0,163.0,255.0,147.0,125.0,280.0,123.0,85.0,123.0,273.0,793.0,226.0,491.0,59.0,439.0,363.0,223.0,136.0,153.0,155.0,1032.0,251.0,536.0,55.0,318.0,126.0,134.0,323.0,124.0,5268.0,83.0,254.0,230.0,143.0,131.0,151.0,202.0,360.0,229.0,290.0,75.0,107.0,185.0,218.0,183.0,634.0,553.0,201.0,272.0,47.0,3038.0,106.0
118.0,33.0,404.0,69.0,323.0,116.0,139.0,250.0,122.0,141.0,251.0,241.0,155.0,127.0,237.0,281.0,169.0,98.0,218.0,275.0,166.0,104.0,114.0,123.0,432.0,245.0,285.0,147.0,54.0,878.0,355.0,153.0,357.0,445.0,189.0,181.0,30.0,293.0,34.0,169.0,416.0,97.0,408.0,190.0,197.0,270.0,80.0,74.0,101.0,134.0,431.0,149.0,290.0,91.0,207.0,197.0,351.0,115.0,139.0,83.0,1876.0,283.0,1013.0,26.0,253.0,167.0,249.0,290.0,217.0,3070.0,48.0,182.0,231.0,102.0,277.0,85.0,131.0,216.0,167.0,200.0,57.0,162.0,286.0,325.0,79.0,737.0,357.0,302.0,217.0,80.0,2236.0,129.0
194.0,30.0,310.0,75.0,473.0,148.0,103.0,419.0,269.0,90.0,176.0,235.0,206.0,117.0,170.0,562.0,320.0,148.0,237.0,376.0,251.0,54.0,121.0,202.0,276.0,335.0,474.0,188.0,62.0,576.0,276.0,259.0,440.0,367.0,125.0,387.0,34.0,389.0,33.0,262.0,252.0,112.0,311.0,90.0,118.0,407.0,133.0,132.0,155.0,159.0,525.0,217.0,391.0,73.0,258.0,341.0,316.0,126.0,289.0,168.0,1273.0,406.0,738.0,40.0,384.0,149.0,242.0,114.0,174.0,4137.0,76.0,283.0,379.0,113.0,257.0,121.0,176.0,269.0,273.0,279.0,62.0,109.0,260.0,177.0,100.0,378.0,488.0,203.0,335.0,63.0,3091.0,56.0
134.0,39.0,439.0,57.0,374.0,85.0,109.0,337.0,229.0,169.0,264.0,284.0,130.0,65.0,195.0,423.0,185.0,103.0,143.0,246.0,111.0,78.0,83.0,162.0,356.0,490.0,265.0,118.0,50.0,961.0,389.0,222.0,208.0,129.0,177.0,180.0,22.0,234.0,39.0,172.0,378.0,100.0,497.0,95.0,225.0,304.0,87.0,96.0,71.0,56.0,289.0,157.0,211.0,202.0,127.0,247.0,455.0,101.0,254.0,92.0,1685.0,201.0,955.0,23.0,226.0,263.0,401.0,189.0,205.0,2759.0,49.0,188.0,191.0,60.0,296.0,53.0,106.0,182.0,168.0,176.0,39.0,208.0,549.0,230.0,56.0,380.0,341.0,326.0,192.0,129.0,1922.0,74.0
238.0,145.0,286.0,76.0,612.0,142.0,72.0,522.0,384.0,106.0,194.0,165.0,177.0,102.0,140.0,663.0,275.0,165.0,176.0,421.0,187.0,39.0,81.0,279.0,167.0,342.0,380.0,137.0,82.0,691.0,208.0,344.0,221.0,104.0,161.0,152.0,28.0,284.0,46.0,203.0,292.0,127.0,298.0,41.0,156.0,367.0,131.0,100.0,104.0,82.0,396.0,290.0,312.0,165.0,129.0,414.0,318.0,128.0,476.0,139.0,849.0,245.0,424.0,43.0,326.0,152.0,250.0,113.0,111.0,4234.0,73.0,288.0,218.0,81.0,190.0,71.0,157.0,324.0,247.0,237.0,60.0,92.0,372.0,168.0,91.0,325.0,471.0,192.0,212.0,131.0,2964.0,43.0
134.0,229.0,413.0,63.0,395.0,84.0,131.0,329.0,168.0,181.0,288.0,135.0,102.0,59.0,161.0,525.0,173.0,109.0,98.0,326.0,120.0,73.0,36.0,202.0,220.0,341.0,298.0,82.0,59.0,1022.0,364.0,205.0,147.0,54.0,243.0,74.0,29.0,131.0,55.0,139.0,582.0,129.0,357.0,92.0,257.0,283.0,85.0,141.0,54.0,45.0,300.0,226.0,166.0,310.0,84.0,261.0,462.0,104.0,411.0,75.0,901.0,168.0,466.0,20.0,196.0,129.0,319.0,179.0,152.0,3095.0,61.0,151.0,76.0,55.0,169.0,43.0,110.0,196.0,137.0,161.0,54.0,187.0,485.0,216.0,60.0,414.0,314.0,341.0,100.0,188.0,1688.0,66.0
262.0,329.0,221.0,96.0,523.0,116.0,52.0,447.0,149.0,124.0,229.0,93.0,133.0,84.0,86.0,585.0,266.0,168.0,120.0,660.0,132.0,65.0,46.0,262.0,114.0,324.0,752.0,144.0,86.0,676.0,244.0,187.0,232.0,70.0,206.0,86.0,40.0,170.0,75.0,360.0,500.0,254.0,194.0,54.0,180.0,289.0,99.0,117.0,71.0,119.0,445.0,334.0,240.0,220.0,111.0,322.0,305.0,135.0,687.0,120.0,545.0,199.0,198.0,60.0,239.0,163.0,156.0,143.0,75.0,5516.0,67.0,177.0,73.0,87.0,84.0,65.0,178.0,316.0,170.0,142.0,77.0,108.0,255.0,141.0,50.0,291.0,470.0,270.0,114.0,131.0,2702.0,34.0
162.0,141.0,282.0,58.0,301.0,66.0,84.0,242.0,84.0,152.0,258.0,131.0,93.0,40.0,102.0,310.0,136.0,109.0,56.0,638.0,90.0,137.0,31.0,191.0,164.0,386.0,829.0,66.0,65.0,1078.0,326.0,87.0,156.0,46.0,230.0,54.0,25.0,90.0,57.0,320.0,747.0,233.0,223.0,89.0,181.0,197.0,61.0,97.0,56.0,130.0,275.0,204.0,128.0,182.0,67.0,156.0,387.0,90.0,449.0,78.0,1018.0,115.0,275.0,35.0,159.0,83.0,199.0,234.0,91.0,4440.0,60.0,94.0,48.0,56.0,84.0,45.0,117.0,201.0,86.0,221.0,82.0,153.0,357.0,279.0,38.0,250.0,352.0,549.0,82.0,145.0,1784.0,45.0
296.0,98.0,132.0,106.0,403.0,86.0,70.0,296.0,117.0,129.0,124.0,89.0,145.0,57.0,48.0,433.0,240.0,165.0,83.0,1251.0,151.0,151.0,51.0,238.0,87.0,209.0,1899.0,136.0,122.0,713.0,190.0,107.0,293.0,53.0,387.0,152.0,33.0,140.0,107.0,414.0,384.0,433.0,104.0,73.0,226.0,314.0,83.0,155.0,73.0,255.0,369.0,266.0,170.0,97.0,108.0,235.0,246.0,109.0,554.0,99.0,1042.0,143.0,179.0,146.0,229.0,85.0,95.0,167.0,55.0,7805.0,85.0,127.0,56.0,96.0,55.0,53.0,182.0,285.0,103.0,111.0,211.0,78.0,205.0,270.0,75.0,324.0,594.0,437.0,164.0,82.0,2812.0,30.0
425.0,61.0,199.0,92.0,230.0,97.0,113.0,160.0,92.0,199.0,153.0,94.0,189.0,51.0,65.0,435.0,123.0,139.0,37.0,1269.0,124.0,325.0,35.0,188.0,129.0,248.0,1358.0,130.0,120.0,884.0,252.0,161.0,292.0,50.0,204.0,259.0,48.0,119.0,88.0,235.0,338.0,489.0,127.0,151.0,163.0,318.0,51.0,116.0,53.0,137.0,208.0,258.0,166.0,70.0,119.0,188.0,294.0,93.0,300.0,123.0,2011.0,136.0,212.0,477.0,188.0,59.0,127.0,212.0,81.0,8519.0,89.0,119.0,47.0,117.0,95.0,67.0,174.0,124.0,98.0,188.0,269.0,131.0,337.0,733.0,78.0,199.0,953.0,891.0,298.0,81.0,3124.0,43.0
401.0,38.0,149.0,58.0,449.0,62.0,156.0,208.0,62.0,194.0,97.0,95.0,183.0,46.0,54.0,280.0,183.0,86.0,48.0,713.0,81.0,298.0,85.0,108.0,65.0,314.0,1086.0,102.0,211.0,769.0,286.0,165.0,149.0,71.0,241.0,289.0,37.0,80.0,62.0,117.0,190.0,344.0,70.0,127.0,203.0,167.0,82.0,109.0,57.0,73.0,251.0,156.0,76.0,52.0,77.0,118.0,293.0,48.0,120.0,105.0,2645.0,86.0,214.0,466.0,355.0,76.0,73.0,197.0,44.0,5994.0,41.0,62.0,25.0,289.0,76.0,53.0,110.0,186.0,65.0,140.0,267.0,127.0,405.0,907.0,64.0,189.0,814.0,734.0,191.0,93.0,2234.0,70.0
693.0,63.0,69.0,122.0,286.0,93.0,202.0,94.0,66.0,111.0,132.0,77.0,486.0,67.0,29.0,366.0,109.0,171.0,49.0,659.0,158.0,143.0,72.0,106.0,107.0,232.0,277.0,138.0,143.0,443.0,238.0,439.0,191.0,50.0,160.0,363.0,128.0,111.0,80.0,103.0,100.0,388.0,83.0,188.0,133.0,249.0,63.0,185.0,92.0,68.0,152.0,185.0,127.0,31.0,98.0,158.0,165.0,94.0,142.0,209.0,2086.0,116.0,129.0,632.0,255.0,47.0,110.0,149.0,29.0,9726.0,82.0,79.0,47.0,225.0,70.0,88.0,156.0,123.0,123.0,175.0,432.0,74.0,243.0,686.0,84.0,142.0,1353.0,1409.0,190.0,35.0,5140.0,89.0
419.0,34.0,106.0,74.0,422.0,65.0,320.0,116.0,62.0,231.0,81.0,102.0,348.0,49.0,37.0,217.0,170.0,116.0,31.0,262.0,140.0,160.0,149.0,72.0,56.0,235.0,179.0,104.0,173.0,559.0,345.0,390.0,100.0,71.0,176.0,119.0,141.0,71.0,67.0,44.0,149.0,195.0,68.0,138.0,166.0,156.0,145.0,131.0,116.0,42.0,237.0,113.0,91.0,44.0,83.0,106.0,237.0,71.0,66.0,154.0,4120.0,95.0,217.0,381.0,295.0,47.0,71.0,248.0,42.0,6642.0,55.0,43.0,26.0,275.0,87.0,62.0,102.0,145.0,91.0,111.0,250.0,110.0,244.0,941.0,56.0,222.0,937.0,1048.0,104.0,75.0,3108.0,99.0
405.0,54.0,83.0,115.0,222.0,99.0,160.0,76.0,87.0,227.0,205.0,92.0,441.0,54.0,19.0,312.0,113.0,177.0,35.0,260.0,227.0,72.0,141.0,99.0,114.0,244.0,92.0,207.0,95.0,348.0,254.0,452.0,177.0,45.0,91.0,82.0,361.0,98.0,138.0,72.0,78.0,258.0,100.0,185.0,90.0,184.0,103.0,194.0,320.0,72.0,122.0,158.0,130.0,18.0,156.0,161.0,113.0,110.0,94.0,299.0,3869.0,109.0,146.0,232.0,164.0,70.0,126.0,166.0,21.0,8397.0,106.0,46.0,37.0,94.0,64.0,80.0,149.0,115.0,113.0,150.0,270.0,69.0,137.0,517.0,115.0,110.0,1334.0,1757.0,107.0,37.0,5025.0,52.0
181.0,46.0,123.0,94.0,214.0,71.0,191.0,121.0,47.0,478.0,110.0,180.0,224.0,37.0,36.0,162.0,216.0,144.0,21.0,176.0,176.0,143.0,269.0,55.0,59.0,310.0,110.0,179.0,153.0,435.0,514.0,235.0,130.0,92.0,123.0,27.0,247.0,76.0,138.0,41.0,148.0,137.0,71.0,136.0,100.0,127.0,134.0,399.0,252.0,47.0,159.0,92.0,70.0,28.0,87.0,152.0,154.0,104.0,64.0,241.0,6587.0,89.0,237.0,57.0,176.0,44.0,105.0,228.0,47.0,4533.0,110.0,34.0,19.0,150.0,102.0,60.0,125.0,134.0,75.0,87.0,161.0,95.0,144.0,595.0,97.0,124.0,749.0,1403.0,68.0,79.0,3899.0,66.0
297.0,122.0,82.0,177.0,160.0,123.0,97.0,84.0,86.0,269.0,213.0,107.0,251.0,60.0,26.0,272.0,155.0,246.0,32.0,212.0,258.0,80.0,244.0,99.0,95.0,202.0,62.0,383.0,198.0,371.0,328.0,215.0,225.0,118.0,70.0,48.0,330.0,126.0,223.0,70.0,127.0,217.0,42.0,212.0,59.0,159.0,128.0,258.0,271.0,96.0,85.0,103.0,119.0,22.0,140.0,296.0,67.0,192.0,123.0,315.0,4687.0,121.0,163.0,39.0,106.0,26.0,106.0,158.0,22.0,5342.0,281.0,57.0,53.0,68.0,91.0,133.0,232.0,85.0,143.0,101.0,130.0,87.0,112.0,259.0,243.0,161.0,1103.0,2164.0,110.0,66.0,5911.0,37.0
260.0,99.0,113.0,149.0,73.0,84.0,115.0,145.0,55.0,322.0,160.0,148.0,208.0,46.0,42.0,184.0,235.0,179.0,30.0,146.0,182.0,143.0,119.0,47.0,82.0,180.0,101.0,310.0,122.0,864.0,340.0,134.0,179.0,126.0,112.0,20.0,142.0,73.0,202.0,42.0,225.0,137.0,85.0,130.0,79.0,114.0,78.0,156.0,136.0,81.0,114.0,76.0,90.0,29.0,140.0,183.0,73.0,148.0,96.0,181.0,6000.0,72.0,232.0,23.0,156.0,64.0,218.0,259.0,58.0,2766.0,243.0,29.0,30.0,40.0,147.0,74.0,210.0,159.0,125.0,129.0,65.0,146.0,88.0,345.0,237.0,86.0,743.0,1330.0,75.0,115.0,2390.0,77.0
422.0,134.0,116.0,382.0,93.0,126.0,83.0,101.0,103.0,139.0,248.0,165.0,616.0,64.0,36.0,280.0,165.0,245.0,44.0,225.0,235.0,85.0,165.0,101.0,199.0,142.0,83.0,495.0,148.0,772.0,171.0,205.0,279.0,337.0,102.0,28.0,186.0,106.0,343.0,83.0,167.0,200.0,57.0,178.0,67.0,163.0,108.0,120.0,145.0,107.0,83.0,125.0,118.0,11.0,350.0,310.0,63.0,245.0,128.0,304.0,2550.0,112.0,192.0,42.0,85.0,34.0,150.0,156.0,44.0,4126.0,400.0,55.0,54.0,74.0,143.0,197.0,405.0,116.0,180.0,114.0,60.0,105.0,50.0,214.0,378.0,80.0,1200.0,1533.0,127.0,99.0,3253.0,41.0
424.0,101.0,204.0,376.0,60.0,89.0,152.0,169.0,126.0,169.0,213.0,238.0,405.0,72.0,59.0,231.0,342.0,139.0,42.0,259.0,246.0,171.0,93.0,87.0,156.0,248.0,137.0,364.0,74.0,1079.0,195.0,273.0,383.0,176.0,107.0,38.0,214.0,96.0,340.0,83.0,224.0,198.0,125.0,145.0,46.0,140.0,74.0,54.0,126.0,70.0,96.0,123.0,107.0,27.0,453.0,312.0,55.0,232.0,159.0,358.0,3142.0,186.0,293.0,64.0,143.0,44.0,277.0,251.0,74.0,4969.0,359.0,49.0,117.0,80.0,276.0,382.0,479.0,188.0,277.0,220.0,53.0,222.0,60.0,437.0,364.0,73.0,1290.0,801.0,133.0,293.0,2121.0,115.0
264.0,62.0,155.0,193.0,98.0,66.0,105.0,114.0,91.0,123.0,329.0,166.0,194.0,53.0,30.0,133.0,210.0,91.0,75.0,192.0,189.0,140.0,81.0,58.0,275.0,165.0,143.0,208.0,100.0,505.0,77.0,155.0,267.0,142.0,229.0,27.0,185.0,57.0,192.0,57.0,113.0,145.0,121.0,278.0,101.0,101.0,121.0,57.0,74.0,74.0,64.0,72.0,74.0,28.0,323.0,133.0,31.0,199.0,146.0,224.0,2223.0,247.0,212.0,54.0,125.0,44.0,181.0,245.0,44.0,2840.0,152.0,47.0,83.0,160.0,233.0,355.0,201.0,67.0,229.0,239.0,46.0,258.0,33.0,296.0,190.0,106.0,799.0,970.0,100.0,209.0,1272.0,127.0
435.0,102.0,329.0,192.0,75.0,117.0,149.0,131.0,245.0,134.0,201.0,118.0,273.0,65.0,57.0,218.0,288.0,149.0,73.0,336.0,273.0,293.0,36.0,91.0,130.0,163.0,348.0,289.0,52.0,426.0,160.0,278.0,697.0,39.0,198.0,41.0,320.0,105.0,317.0,123.0,167.0,219.0,231.0,170.0,77.0,152.0,67.0,103.0,178.0,51.0,81.0,110.0,100.0,129.0,373.0,76.0,59.0,361.0,356.0,330.0,4662.0,611.0,362.0,106.0,165.0,52.0,307.0,442.0,57.0,2311.0,196.0,54.0,158.0,178.0,304.0,409.0,286.0,44.0,329.0,582.0,115.0,563.0,85.0,527.0,181.0,76.0,1073.0,536.0,171.0,294.0,1538.0,491.0
341.0,138.0,291.0,141.0,104.0,149.0,102.0,90.0,271.0,68.0,173.0,99.0,148.0,44.0,22.0,136.0,212.0,102.0,115.0,193.0,156.0,295.0,50.0,42.0,278.0,186.0,411.0,200.0,71.0,212.0,101.0,128.0,609.0,34.0,261.0,27.0,180.0,72.0,190.0,105.0,168.0,156.0,114.0,174.0,113.0,96.0,89.0,57.0,117.0,56.0,30.0,55.0,69.0,160.0,200.0,28.0,31.0,205.0,359.0,203.0,3179.0,405.0,354.0,109.0,89.0,36.0,194.0,241.0,48.0,786.0,79.0,27.0,170.0,255.0,121.0,202.0,153.0,14.0,158.0,263.0,110.0,564.0,87.0,285.0,130.0,50.0,457.0,723.0,128.0,140.0,900.0,257.0
560.0,622.0,261.0,269.0,73.0,304.0,120.0,73.0,255.0,73.0,91.0,132.0,177.0,97.0,32.0,208.0,203.0,104.0,49.0,203.0,234.0,341.0,29.0,45.0,93.0,385.0,823.0,202.0,23.0,309.0,136.0,179.0,577.0,20.0,217.0,65.0,182.0,70.0,130.0,169.0,241.0,203.0,53.0,88.0,86.0,204.0,36.0,58.0,126.0,42.0,47.0,74.0,133.0,462.0,189.0,29.0,52.0,285.0,441.0,242.0,1521.0,392.0,720.0,151.0,85.0,34.0,221.0,222.0,64.0,752.0,105.0,35.0,137.0,116.0,169.0,161.0,206.0,13.0,175.0,173.0,199.0,546.0,78.0,339.0,194.0,57.0,423.0,402.0,172.0,104.0,1179.0,308.0
271.0,434.0,155.0,218.0,119.0,236.0,161.0,98.0,134.0,55.0,73.0,58.0,110.0,82.0,42.0,219.0,282.0,67.0,17.0,120.0,178.0,191.0,62.0,19.0,42.0,373.0,432.0,131.0,48.0,240.0,156.0,123.0,262.0,31.0,453.0,61.0,118.0,65.0,64.0,109.0,132.0,125.0,17.0,92.0,164.0,132.0,52.0,86.0,82.0,85.0,48.0,34.0,115.0,502.0,95.0,23.0,60.0,154.0,248.0,109.0,1171.0,152.0,767.0,63.0,29.0,62.0,78.0,187.0,50.0,378.0,73.0,11.0,33.0,88.0,261.0,80.0,94.0,10.0,64.0,197.0,156.0,315.0,104.0,248.0,156.0,94.0,264.0,434.0,112.0,66.0,779.0,247.0
330.0,335.0,72.0,357.0,77.0,522.0,143.0,62.0,167.0,25.0,47.0,58.0,182.0,136.0,24.0,479.0,162.0,89.0,5.0,200.0,258.0,101.0,56.0,21.0,29.0,477.0,704.0,188.0,18.0,149.0,137.0,170.0,318.0,22.0,324.0,134.0,178.0,62.0,85.0,146.0,59.0,169.0,30.0,97.0,136.0,202.0,48.0,36.0,116.0,93.0,47.0,75.0,194.0,212.0,89.0,24.0,45.0,220.0,303.0,111.0,801.0,140.0,479.0,105.0,24.0,74.0,81.0,135.0,57.0,498.0,140.0,31.0,55.0,42.0,100.0,87.0,176.0,14.0,71.0,102.0,245.0,174.0,33.0,134.0,104.0,108.0,364.0,380.0,139.0,45.0,1048.0,60.0
164.0,124.0,110.0,257.0,160.0,431.0,357.0,54.0,97.0,36.0,25.0,101.0,143.0,80.0,25.0,454.0,183.0,56.0,2.0,181.0,219.0,124.0,128.0,21.0,44.0,1013.0,475.0,124.0,49.0,280.0,189.0,126.0,250.0,39.0,349.0,96.0,174.0,42.0,94.0,108.0,160.0,100.0,19.0,60.0,146.0,141.0,91.0,51.0,50.0,87.0,37.0,48.0,173.0,242.0,49.0,24.0,56.0,156.0,191.0,54.0,677.0,48.0,642.0,156.0,18.0,73.0,40.0,253.0,206.0,319.0,86.0,17.0,28.0,53.0,83.0,74.0,171.0,8.0,45.0,116.0,204.0,215.0,27.0,190.0,53.0,96.0,266.0,306.0,94.0,84.0,514.0,28.0
158.0,122.0,54.0,229.0,103.0,481.0,237.0,46.0,136.0,35.0,23.0,52.0,303.0,97.0,20.0,745.0,86.0,81.0,3.0,282.0,388.0,66.0,105.0,35.0,27.0,678.0,602.0,141.0,44.0,188.0,89.0,163.0,306.0,22.0,155.0,130.0,425.0,76.0,150.0,155.0,237.0,110.0,22.0,109.0,66.0,200.0,73.0,73.0,60.0,196.0,12.0,78.0,280.0,128.0,57.0,24.0,38.0,313.0,320.0,75.0,273.0,110.0,343.0,419.0,24.0,62.0,44.0,247.0,145.0,470.0,120.0,48.0,72.0,31.0,49.0,106.0,219.0,14.0,67.0,66.0,260.0,102.0,19.0,105.0,79.0,85.0,614.0,462.0,194.0,63.0,738.0,6.0
48.0,45.0,88.0,72.0,173.0,181.0,222.0,35.0,56.0,44.0,11.0,84.0,114.0,82.0,29.0,251.0,73.0,41.0,1.0,81.0,295.0,79.0,150.0,16.0,31.0,545.0,337.0,70.0,106.0,239.0,54.0,85.0,218.0,24.0,71.0,58.0,441.0,61.0,114.0,99.0,383.0,54.0,7.0,125.0,28.0,111.0,122.0,45.0,24.0,91.0,42.0,54.0,159.0,146.0,23.0,12.0,42.0,244.0,217.0,60.0,323.0,112.0,428.0,187.0,8.0,81.0,21.0,624.0,199.0,250.0,64.0,65.0,75.0,62.0,82.0,72.0,104.0,8.0,35.0,79.0,152.0,76.0,51.0,107.0,37.0,35.0,471.0,341.0,123.0,90.0,489.0,14.0
60.0,63.0,46.0,136.0,135.0,231.0,62.0,25.0,68.0,24.0,10.0,60.0,44.0,109.0,26.0,166.0,25.0,60.0,0.0,56.0,551.0,53.0,92.0,24.0,15.0,352.0,322.0,78.0,230.0,181.0,11.0,96.0,215.0,16.0,56.0,121.0,775.0,105.0,210.0,121.0,107.0,63.0,7.0,183.0,19.0,141.0,77.0,31.0,28.0,80.0,20.0,63.0,177.0,94.0,25.0,22.0,23.0,246.0,262.0,45.0,197.0,248.0,215.0,202.0,13.0,55.0,33.0,588.0,108.0,369.0,103.0,150.0,104.0,30.0,99.0,101.0,105.0,8.0,69.0,40.0,246.0,19.0,39.0,72.0,83.0,30.0,539.0,502.0,178.0,76.0,602.0,4.0
44.0,55.0,34.0,203.0,213.0,215.0,41.0,30.0,47.0,23.0,8.0,115.0,15.0,136.0,33.0,74.0,14.0,27.0,2.0,26.0,585.0,59.0,152.0,16.0,30.0,275.0,145.0,60.0,524.0,224.0,19.0,57.0,127.0,31.0,20.0,167.0,480.0,76.0,259.0,96.0,69.0,83.0,4.0,89.0,7.0,122.0,113.0,33.0,24.0,28.0,32.0,44.0,134.0,229.0,26.0,27.0,37.0,151.0,299.0,25.0,233.0,399.0,301.0,321.0,7.0,51.0,23.0,990.0,120.0,336.0,107.0,118.0,78.0,36.0,161.0,101.0,68.0,5.0,61.0,71.0,162.0,38.0,33.0,80.0,65.0,28.0,522.0,204.0,203.0,147.0,678.0,16.0
22.0,29.0,9.0,103.0,146.0,222.0,20.0,22.0,22.0,13.0,5.0,56.0,9.0,90.0,24.0,42.0,2.0,11.0,2.0,16.0,206.0,40.0,79.0,12.0,15.0,157.0,124.0,27.0,105.0,109.0,14.0,25.0,54.0,15.0,27.0,80.0,155.0,25.0,137.0,66.0,31.0,74.0,3.0,56.0,10.0,53.0,54.0,37.0,12.0,41.0,38.0,14.0,84.0,107.0,12.0,13.0,12.0,94.0,194.0,18.0,157.0,152.0,167.0,268.0,8.0,42.0,20.0,645.0,60.0,295.0,97.0,55.0,30.0,18.0,53.0,46.0,27.0,8.0,57.0,45.0,65.0,32.0,18.0,62.0,32.0,37.0,260.0,228.0,115.0,71.0,345.0,9.0
28.0,35.0,18.0,79.0,344.0,370.0,16.0,22.0,64.0,17.0,5.0,83.0,11.0,135.0,16.0,56.0,2.0,4.0,1.0,22.0,206.0,48.0,130.0,16.0,28.0,138.0,62.0,44.0,26.0,127.0,11.0,29.0,57.0,18.0,4.0,147.0,164.0,30.0,115.0,81.0,36.0,109.0,7.0,31.0,4.0,52.0,96.0,30.0,8.0,23.0,29.0,23.0,72.0,105.0,7.0,26.0,16.0,92.0,302.0,18.0,182.0,112.0,200.0,375.0,6.0,30.0,11.0,544.0,54.0,636.0,213.0,55.0,50.0,36.0,44.0,57.0,35.0,1.0,73.0,60.0,37.0,22.0,13.0,150.0,82.0,43.0,240.0,70.0,142.0,67.0,466.0,9.0
11.0,28.0,12.0,34.0,404.0,262.0,13.0,12.0,44.0,13.0,5.0,140.0,8.0,123.0,5.0,55.0,6.0,7.0,3.0,19.0,113.0,33.0,50.0,13.0,19.0,116.0,66.0,32.0,2.0,85.0,8.0,41.0,25.0,12.0,14.0,118.0,65.0,9.0,54.0,54.0,16.0,103.0,2.0,64.0,5.0,31.0,95.0,42.0,7.0,33.0,22.0,21.0,52.0,36.0,5.0,7.0,5.0,53.0,192.0,18.0,118.0,42.0,107.0,192.0,5.0,41.0,12.0,185.0,24.0,286.0,174.0,22.0,31.0,38.0,18.0,30.0,17.0,5.0,43.0,122.0,29.0,19.0,11.0,164.0,51.0,40.0,125.0,95.0,98.0,19.0,295.0,19.0
20.0,27.0,22.0,44.0,215.0,414.0,18.0,17.0,48.0,17.0,5.0,224.0,9.0,239.0,11.0,104.0,1.0,8.0,2.0,21.0,137.0,34.0,12.0,11.0,16.0,143.0,52.0,37.0,3.0,67.0,8.0,66.0,53.0,8.0,6.0,128.0,72.0,2.0,66.0,81.0,29.0,145.0,3.0,77.0,4.0,66.0,97.0,51.0,9.0,14.0,32.0,29.0,47.0,96.0,6.0,6.0,19.0,136.0,182.0,21.0,160.0,68.0,101.0,294.0,10.0,42.0,19.0,134.0,38.0,389.0,116.0,35.0,56.0,28.0,21.0,69.0,16.0,3.0,61.0,78.0,38.0,28.0,18.0,185.0,146.0,68.0,130.0,66.0,143.0,22.0,448.0,26.0
6.0,22.0,8.0,26.0,70.0,310.0,3.0,8.0,21.0,8.0,9.0,73.0,3.0,164.0,3.0,65.0,0.0,5.0,0.0,11.0,80.0,30.0,22.0,5.0,16.0,56.0,63.0,34.0,1.0,42.0,2.0,50.0,41.0,2.0,15.0,55.0,34.0,3.0,37.0,60.0,27.0,48.0,3.0,134.0,7.0,58.0,194.0,61.0,5.0,29.0,28.0,23.0,19.0,97.0,1.0,2.0,6.0,106.0,55.0,17.0,123.0,40.0,34.0,141.0,6.0,65.0,16.0,62.0,17.0,243.0,29.0,12.0,37.0,20.0,16.0,33.0,7.0,5.0,41.0,120.0,25.0,17.0,13.0,72.0,289.0,45.0,70.0,130.0,73.0,15.0,253.0,24.0
15.0,30.0,8.0,42.0,23.0,762.0,16.0,11.0,36.0,20.0,6.0,15.0,5.0,262.0,9.0,73.0,1.0,8.0,0.0,12.0,102.0,51.0,9.0,6.0,29.0,48.0,56.0,47.0,3.0,53.0,9.0,39.0,55.0,2.0,6.0,57.0,25.0,12.0,42.0,58.0,29.0,25.0,5.0,81.0,1.0,88.0,133.0,106.0,7.0,15.0,36.0,28.0,39.0,92.0,1.0,2.0,18.0,144.0,72.0,15.0,155.0,58.0,22.0,122.0,17.0,29.0,21.0,168.0,28.0,427.0,35.0,28.0,16.0,12.0,22.0,23.0,24.0,4.0,60.0,61.0,38.0,50.0,23.0,30.0,591.0,41.0,106.0,92.0,82.0,18.0,379.0,8.0
15.0,20.0,2.0,20.0,34.0,759.0,11.0,5.0,21.0,15.0,5.0,7.0,3.0,75.0,5.0,34.0,2.0,2.0,0.0,11.0,63.0,28.0,9.0,2.0,24.0,43.0,47.0,22.0,0.0,106.0,7.0,15.0,39.0,4.0,12.0,18.0,24.0,7.0,21.0,27.0,23.0,11.0,1.0,64.0,3.0,48.0,69.0,59.0,5.0,14.0,28.0,19.0,12.0,62.0,3.0,3.0,19.0,77.0,31.0,9.0,168.0,53.0,29.0,34.0,28.0,14.0,4.0,184.0,15.0,354.0,13.0,30.0,5.0,7.0,15.0,13.0,9.0,7.0,33.0,96.0,47.0,71.0,28.0,23.0,186.0,36.0,58.0,124.0,53.0,10.0,273.0,6.0
20.0,39.0,3.0,25.0,16.0,546.0,14.0,10.0,25.0,8.0,4.0,4.0,2.0,61.0,5.0,34.0,2.0,9.0,4.0,13.0,99.0,11.0,7.0,7.0,55.0,37.0,23.0,41.0,3.0,52.0,2.0,9.0,50.0,3.0,10.0,27.0,25.0,10.0,42.0,35.0,9.0,11.0,5.0,37.0,0.0,49.0,21.0,23.0,7.0,12.0,27.0,9.0,24.0,45.0,6.0,2.0,11.0,94.0,39.0,16.0,109.0,111.0,11.0,42.0,21.0,5.0,13.0,142.0,11.0,742.0,17.0,21.0,7.0,3.0,4.0,19.0,12.0,4.0,29.0,53.0,132.0,68.0,35.0,11.0,114.0,22.0,61.0,55.0,62.0,13.0,719.0,1.0
8.0,55.0,6.0,23.0,28.0,191.0,9.0,7.0,39.0,9.0,5.0,4.0,3.0,48.0,6.0,26.0,0.0,7.0,0.0,4.0,84.0,16.0,4.0,6.0,84.0,47.0,28.0,29.0,3.0,43.0,6.0,12.0,43.0,2.0,4.0,42.0,16.0,3.0,32.0,31.0,28.0,11.0,3.0,40.0,2.0,20.0,27.0,14.0,7.0,6.0,12.0,10.0,23.0,35.0,3.0,1.0,5.0,56.0,42.0,18.0,148.0,112.0,25.0,24.0,67.0,1.0,9.0,139.0,11.0,830.0,33.0,23.0,2.0,7.0,8.0,19.0,8.0,4.0,48.0,56.0,82.0,172.0,21.0,16.0,91.0,21.0,53.0,65.0,46.0,5.0,1464.0,2.0
7.0,27.0,2.0,16.0,17.0,60.0,7.0,10.0,30.0,5.0,5.0,3.0,1.0,23.0,8.0,8.0,0.0,6.0,3.0,8.0,46.0,15.0,1.0,3.0,92.0,39.0,15.0,26.0,2.0,15.0,8.0,10.0,43.0,3.0,11.0,28.0,15.0,1.0,21.0,19.0,12.0,8.0,4.0,26.0,1.0,8.0,12.0,3.0,4.0,4.0,18.0,2.0,5.0,27.0,1.0,2.0,1.0,28.0,43.0,5.0,99.0,51.0,13.0,20.0,50.0,0.0,7.0,53.0,7.0,471.0,12.0,12.0,3.0,4.0,2.0,18.0,10.0,1.0,23.0,32.0,45.0,121.0,7.0,16.0,86.0,21.0,39.0,33.0,25.0,4.0,1288.0,4.0
14.0,19.0,3.0,34.0,41.0,58.0,12.0,4.0,25.0,18.0,3.0,5.0,2.0,30.0,6.0,11.0,0.0,6.0,1.0,14.0,92.0,9.0,0.0,6.0,43.0,43.0,15.0,50.0,2.0,13.0,8.0,13.0,75.0,6.0,7.0,292.0,12.0,7.0,15.0,27.0,18.0,10.0,2.0,28.0,0.0,21.0,20.0,3.0,6.0,4.0,9.0,5.0,1.0,29.0,2.0,6.0,14.0,48.0,47.0,14.0,121.0,53.0,17.0,25.0,47.0,0.0,9.0,68.0,11.0,644.0,23.0,10.0,5.0,8.0,5.0,16.0,9.0,1.0,40.0,22.0,42.0,83.0,8.0,22.0,119.0,12.0,36.0,24.0,23.0,9.0,2022.0,5.0
7.0,7.0,5.0,17.0,21.0,30.0,6.0,0.0,18.0,7.0,1.0,2.0,2.0,28.0,4.0,10.0,0.0,11.0,1.0,14.0,60.0,5.0,1.0,3.0,28.0,15.0,8.0,24.0,0.0,13.0,3.0,12.0,55.0,2.0,6.0,105.0,10.0,11.0,9.0,12.0,16.0,21.0,3.0,23.0,0.0,6.0,4.0,6.0,4.0,5.0,22.0,1.0,3.0,10.0,2.0,1.0,9.0,24.0,31.0,6.0,93.0,30.0,11.0,12.0,6.0,2.0,12.0,24.0,2.0,385.0,24.0,10.0,3.0,4.0,5.0,3.0,5.0,0.0,12.0,15.0,12.0,35.0,4.0,17.0,63.0,5.0,26.0,15.0,11.0,1.0,1215.0,3.0
14.0,5.0,6.0,22.0,28.0,49.0,5.0,2.0,19.0,7.0,2.0,2.0,3.0,46.0,8.0,4.0,0.0,13.0,0.0,11.0,104.0,12.0,3.0,6.0,5.0,17.0,19.0,33.0,4.0,19.0,4.0,26.0,62.0,5.0,0.0,75.0,36.0,12.0,10.0,27.0,15.0,23.0,0.0,37.0,2.0,21.0,5.0,2.0,7.0,3.0,17.0,0.0,8.0,22.0,4.0,4.0,8.0,41.0,29.0,7.0,108.0,25.0,15.0,19.0,3.0,0.0,6.0,20.0,4.0,477.0,24.0,5.0,6.0,14.0,6.0,11.0,3.0,0.0,17.0,5.0,12.0,51.0,3.0,13.0,73.0,4.0,34.0,26.0,28.0,0.0,1637.0,6.0
13.0,2.0,4.0,14.0,10.0,25.0,6.0,0.0,9.0,4.0,5.0,2.0,2.0,21.0,2.0,5.0,0.0,7.0,2.0,8.0,95.0,8.0,1.0,5.0,12.0,11.0,4.0,27.0,1.0,36.0,3.0,16.0,37.0,6.0,0.0,43.0,29.0,12.0,7.0,14.0,10.0,20.0,0.0,10.0,2.0,16.0,4.0,3.0,7.0,9.0,12.0,2.0,11.0,4.0,2.0,1.0,5.0,40.0,18.0,5.0,57.0,17.0,10.0,6.0,1.0,0.0,13.0,12.0,6.0,247.0,11.0,7.0,3.0,50.0,2.0,1.0,5.0,0.0,27.0,6.0,4.0,25.0,1.0,8.0,40.0,3.0,21.0,15.0,9.0,1.0,1737.0,4.0
31.0,1.0,5.0,15.0,46.0,34.0,13.0,0.0,18.0,4.0,0.0,0.0,4.0,43.0,8.0,7.0,0.0,14.0,0.0,5.0,159.0,14.0,1.0,11.0,13.0,12.0,10.0,45.0,2.0,116.0,9.0,12.0,30.0,16.0,0.0,75.0,41.0,20.0,3.0,25.0,5.0,15.0,2.0,15.0,1.0,17.0,7.0,2.0,9.0,3.0,4.0,1.0,11.0,13.0,4.0,5.0,4.0,24.0,20.0,12.0,69.0,21.0,19.0,16.0,1.0,0.0,8.0,10.0,16.0,246.0,6.0,8.0,10.0,179.0,5.0,15.0,3.0,0.0,17.0,4.0,10.0,21.0,2.0,15.0,38.0,5.0,25.0,12.0,16.0,2.0,2315.0,2.0
26.0,2.0,6.0,2.0,28.0,16.0,13.0,0.0,26.0,2.0,0.0,0.0,4.0,32.0,3.0,5.0,0.0,8.0,0.0,2.0,93.0,10.0,0.0,8.0,3.0,5.0,7.0,21.0,3.0,48.0,1.0,7.0,8.0,10.0,0.0,19.0,22.0,9.0,5.0,30.0,3.0,6.0,0.0,5.0,5.0,16.0,5.0,0.0,2.0,8.0,5.0,4.0,2.0,13.0,4.0,3.0,8.0,16.0,13.0,4.0,64.0,14.0,13.0,19.0,1.0,0.0,5.0,1.0,7.0,123.0,1.0,5.0,5.0,19.0,1.0,4.0,7.0,0.0,7.0,7.0,4.0,3.0,0.0,9.0,9.0,2.0,20.0,8.0,8.0,1.0,1898.0,6.0
35.0,2.0,10.0,3.0,46.0,34.0,10.0,0.0,28.0,5.0,0.0,0.0,4.0,36.0,10.0,8.0,0.0,6.0,0.0,2.0,141.0,10.0,2.0,39.0,2.0,2.0,4.0,26.0,1.0,18.0,5.0,7.0,18.0,5.0,0.0,22.0,18.0,10.0,11.0,82.0,3.0,13.0,1.0,2.0,0.0,22.0,3.0,3.0,4.0,5.0,2.0,1.0,8.0,27.0,4.0,3.0,15.0,16.0,30.0,19.0,93.0,22.0,21.0,24.0,1.0,0.0,1.0,3.0,3.0,126.0,7.0,11.0,12.0,9.0,6.0,2.0,11.0,1.0,21.0,6.0,5.0,3.0,0.0,8.0,11.0,0.0,34.0,18.0,11.0,3.0,3860.0,11.0
17.0,3.0,19.0,12.0,25.0,17.0,9.0,1.0,178.0,10.0,1.0,1.0,10.0,117.0,12.0,30.0,1.0,22.0,1.0,11.0,261.0,11.0,2.0,40.0,1.0,4.0,5.0,50.0,5.0,3.0,7.0,34.0,41.0,2.0,1.0,16.0,27.0,35.0,44.0,27.0,2.0,524.0,1.0,1.0,6.0,52.0,2.0,3.0,20.0,4.0,2.0,18.0,3.0,17.0,8.0,16.0,11.0,39.0,227.0,45.0,475.0,142.0,20.0,47.0,4.0,2.0,5.0,6.0,2.0,359.0,22.0,45.0,24.0,8.0,2.0,33.0,91.0,3.0,64.0,3.0,7.0,16.0,2.0,30.0,14.0,1.0,188.0,6.0,4.0,9.0,1057.0,18.0
